{ 
    "_id" : ObjectId("5d5f875a04ee4c25f0938d59"), 
    "full_name_org" : "Rajendra", 
    "logo" : "photo-1566541652803.png", 
    "address" : "Delhi", 
    "status" : "0", 
    "__v" : NumberInt(0)
}
{ 
    "_id" : ObjectId("5d5f878c2e10e93010eeb8d5"), 
    "full_name_org" : "sas", 
    "logo" : "photo-1566541706575.png", 
    "address" : "dasdas", 
    "status" : "0", 
    "__v" : NumberInt(0)
}
{ 
    "_id" : ObjectId("5d5f87eda9084322cce9994a"), 
    "full_name_org" : "sas", 
    "org_aliase" : "sas321", 
    "logo" : "photo-1566541706575.png", 
    "address" : "dasdas", 
    "status" : "0", 
    "__v" : NumberInt(0)
}
{ 
    "_id" : ObjectId("5d5f92f069f2bb26a0a3b851"), 
    "full_name_org" : "a", 
    "org_aliase" : "a", 
    "logo" : "photo-1566544619547.jpg", 
    "address" : "add", 
    "status" : "0", 
    "__v" : NumberInt(0)
}
{ 
    "_id" : ObjectId("5d63826067e1e332b495fa90"), 
    "full_name_org" : "Rajendra", 
    "org_aliase" : "Rajendra", 
    "logo" : "photo-1566802526725.jpg", 
    "address" : "Delhi", 
    "status" : "0", 
    "__v" : NumberInt(0)
}
{ 
    "_id" : ObjectId("5d6382d367e1e332b495fa91"), 
    "full_name_org" : "xzx", 
    "org_aliase" : "xzX", 
    "logo" : "photo-1566802641129.jpg", 
    "address" : "xzX", 
    "status" : "0", 
    "__v" : NumberInt(0)
}
{ 
    "_id" : ObjectId("5d63866767e1e332b495fa92"), 
    "full_name_org" : "Rajendra", 
    "org_aliase" : "Rajendra", 
    "logo" : "photo-1566803558909.jpg", 
    "address" : "Delhi", 
    "status" : "0", 
    "__v" : NumberInt(0)
}
{ 
    "_id" : ObjectId("5d6386b667e1e332b495fa93"), 
    "full_name_org" : "eer", 
    "org_aliase" : "te", 
    "logo" : "photo-1566803635996.jpg", 
    "address" : "tre", 
    "status" : "0", 
    "__v" : NumberInt(0)
}
{ 
    "_id" : ObjectId("5d6386d267e1e332b495fa94"), 
    "full_name_org" : "Rajendra23", 
    "org_aliase" : "Rajendra", 
    "logo" : "photo-1566810528845.png", 
    "address" : "Delhi", 
    "status" : "0", 
    "__v" : NumberInt(0)
}
{ 
    "_id" : ObjectId("5d6610ddef56882f6c7543c4"), 
    "full_name_org" : "DELHI PUBLIC SCHOOL GHAZIABAD SOCIETY", 
    "org_aliase" : "DPSGS", 
    "logo" : "photo-1566970024097.jpg", 
    "address" : "DPSGS Head Office A-Block, 3rd Floor, MGF Metropolitan Mall, Saket District Centre, New Delhi, Delhi 110017", 
    "status" : "1", 
    "__v" : NumberInt(0)
}
{ 
    "_id" : ObjectId("5d71fa084b341b2460daebc6"), 
    "full_name_org" : "ghdfh", 
    "org_aliase" : "hfgjhf", 
    "logo" : "photo-1567750661788.jpg", 
    "address" : "gfdgdf", 
    "status" : "0", 
    "__v" : NumberInt(0)
}
{ 
    "_id" : ObjectId("5d7205f4073e221dd8564fed"), 
    "full_name_org" : "cxzcX", 
    "org_aliase" : "cxc", 
    "logo" : "photo-1567753713634.jpg", 
    "address" : "cxcxzc", 
    "status" : "1", 
    "__v" : NumberInt(0)
}
