{ 
    "_id" : ObjectId("5d68e76a3d11c01e00b8db86"), 
    "class_id" : "6", 
    "class_name" : "Class  I"
}
{ 
    "_id" : ObjectId("5d68e7b53d11c01e00b8db87"), 
    "class_id" : "7", 
    "class_name" : "Class II"
}
{ 
    "_id" : ObjectId("5d68e7d33d11c01e00b8db88"), 
    "class_id" : "8", 
    "class_name" : "Class III"
}
{ 
    "_id" : ObjectId("5d68e8063d11c01e00b8db89"), 
    "class_id" : "9", 
    "class_name" : "Class IV"
}
{ 
    "_id" : ObjectId("5d68e82e3d11c01e00b8db8a"), 
    "class_id" : "10", 
    "class_name" : "Class V"
}
{ 
    "_id" : ObjectId("5d68e8603d11c01e00b8db8d"), 
    "class_id" : "11", 
    "class_name" : "Class VI"
}
{ 
    "_id" : ObjectId("5d68e88b3d11c01e00b8db8e"), 
    "class_id" : "12", 
    "class_name" : "Class VII"
}
{ 
    "_id" : ObjectId("5d68e8b73d11c01e00b8db8f"), 
    "class_id" : "13", 
    "class_name" : "Class VIII"
}
{ 
    "_id" : ObjectId("5d68e8e53d11c01e00b8db90"), 
    "class_id" : "14", 
    "class_name" : "Class IX"
}
{ 
    "_id" : ObjectId("5d68e90c3d11c01e00b8db91"), 
    "class_id" : "15", 
    "class_name" : "Class X"
}
{ 
    "_id" : ObjectId("5d68e93b3d11c01e00b8db92"), 
    "class_id" : "16", 
    "class_name" : "Class XI"
}
{ 
    "_id" : ObjectId("5d68e9613d11c01e00b8db93"), 
    "class_id" : "17", 
    "class_name" : "Class XII"
}
{ 
    "_id" : ObjectId("5d68ea923d11c01e00b8db99"), 
    "class_id" : "1", 
    "class_name" : "Pre-Nursery"
}
{ 
    "_id" : ObjectId("5d68ead23d11c01e00b8db9a"), 
    "class_id" : "2", 
    "class_name" : "Nursery"
}
{ 
    "_id" : ObjectId("5d68eb0a3d11c01e00b8db9b"), 
    "class_id" : "3", 
    "class_name" : "KG"
}
{ 
    "_id" : ObjectId("5d68eb373d11c01e00b8db9c"), 
    "class_id" : "4", 
    "class_name" : "LKG (Lower Kindergarten)"
}
{ 
    "_id" : ObjectId("5d68eb7a3d11c01e00b8db9d"), 
    "class_id" : "5", 
    "class_name" : "UKG (Upper Kindergarten)"
}
