{ 
    "_id" : ObjectId("5d564ac9bdb80366cfe14c7d"), 
    "Country" : "Afghanistan", 
    "code" : "AF"
}
{ 
    "_id" : ObjectId("5d564ac9bdb80366cfe14c7e"), 
    "Country" : "Åland Islands", 
    "code" : "AX"
}
{ 
    "_id" : ObjectId("5d564ac9bdb80366cfe14c7f"), 
    "Country" : "Albania", 
    "code" : "AL"
}
{ 
    "_id" : ObjectId("5d564ac9bdb80366cfe14c80"), 
    "Country" : "Algeria", 
    "code" : "DZ"
}
{ 
    "_id" : ObjectId("5d564ac9bdb80366cfe14c81"), 
    "Country" : "American Samoa", 
    "code" : "AS"
}
{ 
    "_id" : ObjectId("5d564ac9bdb80366cfe14c82"), 
    "Country" : "AndorrA", 
    "code" : "AD"
}
{ 
    "_id" : ObjectId("5d564ac9bdb80366cfe14c83"), 
    "Country" : "Angola", 
    "code" : "AO"
}
{ 
    "_id" : ObjectId("5d564ac9bdb80366cfe14c84"), 
    "Country" : "Anguilla", 
    "code" : "AI"
}
{ 
    "_id" : ObjectId("5d564ac9bdb80366cfe14c85"), 
    "Country" : "Antarctica", 
    "code" : "AQ"
}
{ 
    "_id" : ObjectId("5d564ac9bdb80366cfe14c86"), 
    "Country" : "Antigua and Barbuda", 
    "code" : "AG"
}
{ 
    "_id" : ObjectId("5d564ac9bdb80366cfe14c87"), 
    "Country" : "Argentina", 
    "code" : "AR"
}
{ 
    "_id" : ObjectId("5d564ac9bdb80366cfe14c88"), 
    "Country" : "Armenia", 
    "code" : "AM"
}
{ 
    "_id" : ObjectId("5d564ac9bdb80366cfe14c89"), 
    "Country" : "Aruba", 
    "code" : "AW"
}
{ 
    "_id" : ObjectId("5d564ac9bdb80366cfe14c8a"), 
    "Country" : "Australia", 
    "code" : "AU"
}
{ 
    "_id" : ObjectId("5d564ac9bdb80366cfe14c8b"), 
    "Country" : "Austria", 
    "code" : "AT"
}
{ 
    "_id" : ObjectId("5d564ac9bdb80366cfe14c8c"), 
    "Country" : "Azerbaijan", 
    "code" : "AZ"
}
{ 
    "_id" : ObjectId("5d564ac9bdb80366cfe14c8d"), 
    "Country" : "Bahamas", 
    "code" : "BS"
}
{ 
    "_id" : ObjectId("5d564ac9bdb80366cfe14c8e"), 
    "Country" : "Bahrain", 
    "code" : "BH"
}
{ 
    "_id" : ObjectId("5d564ac9bdb80366cfe14c8f"), 
    "Country" : "Bangladesh", 
    "code" : "BD"
}
{ 
    "_id" : ObjectId("5d564ac9bdb80366cfe14c90"), 
    "Country" : "Barbados", 
    "code" : "BB"
}
{ 
    "_id" : ObjectId("5d564ac9bdb80366cfe14c91"), 
    "Country" : "Belarus", 
    "code" : "BY"
}
{ 
    "_id" : ObjectId("5d564ac9bdb80366cfe14c92"), 
    "Country" : "Belgium", 
    "code" : "BE"
}
{ 
    "_id" : ObjectId("5d564ac9bdb80366cfe14c93"), 
    "Country" : "Belize", 
    "code" : "BZ"
}
{ 
    "_id" : ObjectId("5d564ac9bdb80366cfe14c94"), 
    "Country" : "Benin", 
    "code" : "BJ"
}
{ 
    "_id" : ObjectId("5d564ac9bdb80366cfe14c95"), 
    "Country" : "Bermuda", 
    "code" : "BM"
}
{ 
    "_id" : ObjectId("5d564ac9bdb80366cfe14c96"), 
    "Country" : "Bhutan", 
    "code" : "BT"
}
{ 
    "_id" : ObjectId("5d564ac9bdb80366cfe14c97"), 
    "Country" : "Bolivia", 
    "code" : "BO"
}
{ 
    "_id" : ObjectId("5d564ac9bdb80366cfe14c98"), 
    "Country" : "Bosnia and Herzegovina", 
    "code" : "BA"
}
{ 
    "_id" : ObjectId("5d564ac9bdb80366cfe14c99"), 
    "Country" : "Botswana", 
    "code" : "BW"
}
{ 
    "_id" : ObjectId("5d564ac9bdb80366cfe14c9a"), 
    "Country" : "Bouvet Island", 
    "code" : "BV"
}
{ 
    "_id" : ObjectId("5d564ac9bdb80366cfe14c9b"), 
    "Country" : "Brazil", 
    "code" : "BR"
}
{ 
    "_id" : ObjectId("5d564ac9bdb80366cfe14c9c"), 
    "Country" : "British Indian Ocean Territory", 
    "code" : "IO"
}
{ 
    "_id" : ObjectId("5d564ac9bdb80366cfe14c9d"), 
    "Country" : "Brunei Darussalam", 
    "code" : "BN"
}
{ 
    "_id" : ObjectId("5d564ac9bdb80366cfe14c9e"), 
    "Country" : "Bulgaria", 
    "code" : "BG"
}
{ 
    "_id" : ObjectId("5d564ac9bdb80366cfe14c9f"), 
    "Country" : "Burkina Faso", 
    "code" : "BF"
}
{ 
    "_id" : ObjectId("5d564ac9bdb80366cfe14ca0"), 
    "Country" : "Burundi", 
    "code" : "BI"
}
{ 
    "_id" : ObjectId("5d564ac9bdb80366cfe14ca1"), 
    "Country" : "Cambodia", 
    "code" : "KH"
}
{ 
    "_id" : ObjectId("5d564ac9bdb80366cfe14ca2"), 
    "Country" : "Cameroon", 
    "code" : "CM"
}
{ 
    "_id" : ObjectId("5d564ac9bdb80366cfe14ca3"), 
    "Country" : "Canada", 
    "code" : "CA"
}
{ 
    "_id" : ObjectId("5d564ac9bdb80366cfe14ca4"), 
    "Country" : "Cape Verde", 
    "code" : "CV"
}
{ 
    "_id" : ObjectId("5d564ac9bdb80366cfe14ca5"), 
    "Country" : "Cayman Islands", 
    "code" : "KY"
}
{ 
    "_id" : ObjectId("5d564ac9bdb80366cfe14ca6"), 
    "Country" : "Central African Republic", 
    "code" : "CF"
}
{ 
    "_id" : ObjectId("5d564ac9bdb80366cfe14ca7"), 
    "Country" : "Chad", 
    "code" : "TD"
}
{ 
    "_id" : ObjectId("5d564ac9bdb80366cfe14ca8"), 
    "Country" : "Chile", 
    "code" : "CL"
}
{ 
    "_id" : ObjectId("5d564ac9bdb80366cfe14ca9"), 
    "Country" : "China", 
    "code" : "CN"
}
{ 
    "_id" : ObjectId("5d564ac9bdb80366cfe14caa"), 
    "Country" : "Christmas Island", 
    "code" : "CX"
}
{ 
    "_id" : ObjectId("5d564ac9bdb80366cfe14cab"), 
    "Country" : "Cocos (Keeling) Islands", 
    "code" : "CC"
}
{ 
    "_id" : ObjectId("5d564ac9bdb80366cfe14cac"), 
    "Country" : "Colombia", 
    "code" : "CO"
}
{ 
    "_id" : ObjectId("5d564ac9bdb80366cfe14cad"), 
    "Country" : "Comoros", 
    "code" : "KM"
}
{ 
    "_id" : ObjectId("5d564ac9bdb80366cfe14cae"), 
    "Country" : "Congo", 
    "code" : "CG"
}
{ 
    "_id" : ObjectId("5d564ac9bdb80366cfe14caf"), 
    "Country" : "Congo, The Democratic Republic of the", 
    "code" : "CD"
}
{ 
    "_id" : ObjectId("5d564ac9bdb80366cfe14cb0"), 
    "Country" : "Cook Islands", 
    "code" : "CK"
}
{ 
    "_id" : ObjectId("5d564ac9bdb80366cfe14cb1"), 
    "Country" : "Costa Rica", 
    "code" : "CR"
}
{ 
    "_id" : ObjectId("5d564ac9bdb80366cfe14cb2"), 
    "Country" : "Cote DIvoire", 
    "code" : "CI"
}
{ 
    "_id" : ObjectId("5d564ac9bdb80366cfe14cb3"), 
    "Country" : "Croatia", 
    "code" : "HR"
}
{ 
    "_id" : ObjectId("5d564ac9bdb80366cfe14cb4"), 
    "Country" : "Cuba", 
    "code" : "CU"
}
{ 
    "_id" : ObjectId("5d564ac9bdb80366cfe14cb5"), 
    "Country" : "Cyprus", 
    "code" : "CY"
}
{ 
    "_id" : ObjectId("5d564ac9bdb80366cfe14cb6"), 
    "Country" : "Czech Republic", 
    "code" : "CZ"
}
{ 
    "_id" : ObjectId("5d564ac9bdb80366cfe14cb7"), 
    "Country" : "Denmark", 
    "code" : "DK"
}
{ 
    "_id" : ObjectId("5d564ac9bdb80366cfe14cb8"), 
    "Country" : "Djibouti", 
    "code" : "DJ"
}
{ 
    "_id" : ObjectId("5d564ac9bdb80366cfe14cb9"), 
    "Country" : "Dominica", 
    "code" : "DM"
}
{ 
    "_id" : ObjectId("5d564ac9bdb80366cfe14cba"), 
    "Country" : "Dominican Republic", 
    "code" : "DO"
}
{ 
    "_id" : ObjectId("5d564ac9bdb80366cfe14cbb"), 
    "Country" : "Ecuador", 
    "code" : "EC"
}
{ 
    "_id" : ObjectId("5d564ac9bdb80366cfe14cbc"), 
    "Country" : "Egypt", 
    "code" : "EG"
}
{ 
    "_id" : ObjectId("5d564ac9bdb80366cfe14cbd"), 
    "Country" : "El Salvador", 
    "code" : "SV"
}
{ 
    "_id" : ObjectId("5d564ac9bdb80366cfe14cbe"), 
    "Country" : "Equatorial Guinea", 
    "code" : "GQ"
}
{ 
    "_id" : ObjectId("5d564ac9bdb80366cfe14cbf"), 
    "Country" : "Eritrea", 
    "code" : "ER"
}
{ 
    "_id" : ObjectId("5d564ac9bdb80366cfe14cc0"), 
    "Country" : "Estonia", 
    "code" : "EE"
}
{ 
    "_id" : ObjectId("5d564ac9bdb80366cfe14cc1"), 
    "Country" : "Ethiopia", 
    "code" : "ET"
}
{ 
    "_id" : ObjectId("5d564ac9bdb80366cfe14cc2"), 
    "Country" : "Falkland Islands (Malvinas)", 
    "code" : "FK"
}
{ 
    "_id" : ObjectId("5d564ac9bdb80366cfe14cc3"), 
    "Country" : "Faroe Islands", 
    "code" : "FO"
}
{ 
    "_id" : ObjectId("5d564ac9bdb80366cfe14cc4"), 
    "Country" : "Fiji", 
    "code" : "FJ"
}
{ 
    "_id" : ObjectId("5d564ac9bdb80366cfe14cc5"), 
    "Country" : "Finland", 
    "code" : "FI"
}
{ 
    "_id" : ObjectId("5d564ac9bdb80366cfe14cc6"), 
    "Country" : "France", 
    "code" : "FR"
}
{ 
    "_id" : ObjectId("5d564ac9bdb80366cfe14cc7"), 
    "Country" : "French Guiana", 
    "code" : "GF"
}
{ 
    "_id" : ObjectId("5d564ac9bdb80366cfe14cc8"), 
    "Country" : "French Polynesia", 
    "code" : "PF"
}
{ 
    "_id" : ObjectId("5d564ac9bdb80366cfe14cc9"), 
    "Country" : "French Southern Territories", 
    "code" : "TF"
}
{ 
    "_id" : ObjectId("5d564ac9bdb80366cfe14cca"), 
    "Country" : "Gabon", 
    "code" : "GA"
}
{ 
    "_id" : ObjectId("5d564ac9bdb80366cfe14ccb"), 
    "Country" : "Gambia", 
    "code" : "GM"
}
{ 
    "_id" : ObjectId("5d564ac9bdb80366cfe14ccc"), 
    "Country" : "Georgia", 
    "code" : "GE"
}
{ 
    "_id" : ObjectId("5d564ac9bdb80366cfe14ccd"), 
    "Country" : "Germany", 
    "code" : "DE"
}
{ 
    "_id" : ObjectId("5d564ac9bdb80366cfe14cce"), 
    "Country" : "Ghana", 
    "code" : "GH"
}
{ 
    "_id" : ObjectId("5d564ac9bdb80366cfe14ccf"), 
    "Country" : "Gibraltar", 
    "code" : "GI"
}
{ 
    "_id" : ObjectId("5d564ac9bdb80366cfe14cd0"), 
    "Country" : "Greece", 
    "code" : "GR"
}
{ 
    "_id" : ObjectId("5d564ac9bdb80366cfe14cd1"), 
    "Country" : "Greenland", 
    "code" : "GL"
}
{ 
    "_id" : ObjectId("5d564ac9bdb80366cfe14cd2"), 
    "Country" : "Grenada", 
    "code" : "GD"
}
{ 
    "_id" : ObjectId("5d564ac9bdb80366cfe14cd3"), 
    "Country" : "Guadeloupe", 
    "code" : "GP"
}
{ 
    "_id" : ObjectId("5d564ac9bdb80366cfe14cd4"), 
    "Country" : "Guam", 
    "code" : "GU"
}
{ 
    "_id" : ObjectId("5d564ac9bdb80366cfe14cd5"), 
    "Country" : "Guatemala", 
    "code" : "GT"
}
{ 
    "_id" : ObjectId("5d564ac9bdb80366cfe14cd6"), 
    "Country" : "Guernsey", 
    "code" : "GG"
}
{ 
    "_id" : ObjectId("5d564ac9bdb80366cfe14cd7"), 
    "Country" : "Guinea", 
    "code" : "GN"
}
{ 
    "_id" : ObjectId("5d564ac9bdb80366cfe14cd8"), 
    "Country" : "Guinea-Bissau", 
    "code" : "GW"
}
{ 
    "_id" : ObjectId("5d564ac9bdb80366cfe14cd9"), 
    "Country" : "Guyana", 
    "code" : "GY"
}
{ 
    "_id" : ObjectId("5d564ac9bdb80366cfe14cda"), 
    "Country" : "Haiti", 
    "code" : "HT"
}
{ 
    "_id" : ObjectId("5d564ac9bdb80366cfe14cdb"), 
    "Country" : "Heard Island and Mcdonald Islands", 
    "code" : "HM"
}
{ 
    "_id" : ObjectId("5d564ac9bdb80366cfe14cdc"), 
    "Country" : "Holy See (Vatican City State)", 
    "code" : "VA"
}
{ 
    "_id" : ObjectId("5d564ac9bdb80366cfe14cdd"), 
    "Country" : "Honduras", 
    "code" : "HN"
}
{ 
    "_id" : ObjectId("5d564ac9bdb80366cfe14cde"), 
    "Country" : "Hong Kong", 
    "code" : "HK"
}
{ 
    "_id" : ObjectId("5d564ac9bdb80366cfe14cdf"), 
    "Country" : "Hungary", 
    "code" : "HU"
}
{ 
    "_id" : ObjectId("5d564ac9bdb80366cfe14ce0"), 
    "Country" : "Iceland", 
    "code" : "IS"
}
{ 
    "_id" : ObjectId("5d564ac9bdb80366cfe14ce1"), 
    "Country" : "India", 
    "code" : "IN"
}
{ 
    "_id" : ObjectId("5d564ac9bdb80366cfe14ce2"), 
    "Country" : "Indonesia", 
    "code" : "ID"
}
{ 
    "_id" : ObjectId("5d564ac9bdb80366cfe14ce3"), 
    "Country" : "Iran, Islamic Republic Of", 
    "code" : "IR"
}
{ 
    "_id" : ObjectId("5d564ac9bdb80366cfe14ce4"), 
    "Country" : "Iraq", 
    "code" : "IQ"
}
{ 
    "_id" : ObjectId("5d564ac9bdb80366cfe14ce5"), 
    "Country" : "Ireland", 
    "code" : "IE"
}
{ 
    "_id" : ObjectId("5d564ac9bdb80366cfe14ce6"), 
    "Country" : "Isle of Man", 
    "code" : "IM"
}
{ 
    "_id" : ObjectId("5d564ac9bdb80366cfe14ce7"), 
    "Country" : "Israel", 
    "code" : "IL"
}
{ 
    "_id" : ObjectId("5d564ac9bdb80366cfe14ce8"), 
    "Country" : "Italy", 
    "code" : "IT"
}
{ 
    "_id" : ObjectId("5d564ac9bdb80366cfe14ce9"), 
    "Country" : "Jamaica", 
    "code" : "JM"
}
{ 
    "_id" : ObjectId("5d564ac9bdb80366cfe14cea"), 
    "Country" : "Japan", 
    "code" : "JP"
}
{ 
    "_id" : ObjectId("5d564ac9bdb80366cfe14ceb"), 
    "Country" : "Jersey", 
    "code" : "JE"
}
{ 
    "_id" : ObjectId("5d564ac9bdb80366cfe14cec"), 
    "Country" : "Jordan", 
    "code" : "JO"
}
{ 
    "_id" : ObjectId("5d564ac9bdb80366cfe14ced"), 
    "Country" : "Kazakhstan", 
    "code" : "KZ"
}
{ 
    "_id" : ObjectId("5d564ac9bdb80366cfe14cee"), 
    "Country" : "Kenya", 
    "code" : "KE"
}
{ 
    "_id" : ObjectId("5d564ac9bdb80366cfe14cef"), 
    "Country" : "Kiribati", 
    "code" : "KI"
}
{ 
    "_id" : ObjectId("5d564ac9bdb80366cfe14cf0"), 
    "Country" : "Korea, Democratic PeopleS Republic of", 
    "code" : "KP"
}
{ 
    "_id" : ObjectId("5d564ac9bdb80366cfe14cf1"), 
    "Country" : "Korea, Republic of", 
    "code" : "KR"
}
{ 
    "_id" : ObjectId("5d564ac9bdb80366cfe14cf2"), 
    "Country" : "Kuwait", 
    "code" : "KW"
}
{ 
    "_id" : ObjectId("5d564ac9bdb80366cfe14cf3"), 
    "Country" : "Kyrgyzstan", 
    "code" : "KG"
}
{ 
    "_id" : ObjectId("5d564ac9bdb80366cfe14cf4"), 
    "Country" : "Lao People S Democratic Republic", 
    "code" : "LA"
}
{ 
    "_id" : ObjectId("5d564ac9bdb80366cfe14cf5"), 
    "Country" : "Latvia", 
    "code" : "LV"
}
{ 
    "_id" : ObjectId("5d564ac9bdb80366cfe14cf6"), 
    "Country" : "Lebanon", 
    "code" : "LB"
}
{ 
    "_id" : ObjectId("5d564ac9bdb80366cfe14cf7"), 
    "Country" : "Lesotho", 
    "code" : "LS"
}
{ 
    "_id" : ObjectId("5d564ac9bdb80366cfe14cf8"), 
    "Country" : "Liberia", 
    "code" : "LR"
}
{ 
    "_id" : ObjectId("5d564ac9bdb80366cfe14cf9"), 
    "Country" : "Libyan Arab Jamahiriya", 
    "code" : "LY"
}
{ 
    "_id" : ObjectId("5d564ac9bdb80366cfe14cfa"), 
    "Country" : "Liechtenstein", 
    "code" : "LI"
}
{ 
    "_id" : ObjectId("5d564ac9bdb80366cfe14cfb"), 
    "Country" : "Lithuania", 
    "code" : "LT"
}
{ 
    "_id" : ObjectId("5d564ac9bdb80366cfe14cfc"), 
    "Country" : "Luxembourg", 
    "code" : "LU"
}
{ 
    "_id" : ObjectId("5d564ac9bdb80366cfe14cfd"), 
    "Country" : "Macao", 
    "code" : "MO"
}
{ 
    "_id" : ObjectId("5d564ac9bdb80366cfe14cfe"), 
    "Country" : "Macedonia, The Former Yugoslav Republic of", 
    "code" : "MK"
}
{ 
    "_id" : ObjectId("5d564ac9bdb80366cfe14cff"), 
    "Country" : "Madagascar", 
    "code" : "MG"
}
{ 
    "_id" : ObjectId("5d564ac9bdb80366cfe14d00"), 
    "Country" : "Malawi", 
    "code" : "MW"
}
{ 
    "_id" : ObjectId("5d564ac9bdb80366cfe14d01"), 
    "Country" : "Malaysia", 
    "code" : "MY"
}
{ 
    "_id" : ObjectId("5d564ac9bdb80366cfe14d02"), 
    "Country" : "Maldives", 
    "code" : "MV"
}
{ 
    "_id" : ObjectId("5d564ac9bdb80366cfe14d03"), 
    "Country" : "Mali", 
    "code" : "ML"
}
{ 
    "_id" : ObjectId("5d564ac9bdb80366cfe14d04"), 
    "Country" : "Malta", 
    "code" : "MT"
}
{ 
    "_id" : ObjectId("5d564ac9bdb80366cfe14d05"), 
    "Country" : "Marshall Islands", 
    "code" : "MH"
}
{ 
    "_id" : ObjectId("5d564ac9bdb80366cfe14d06"), 
    "Country" : "Martinique", 
    "code" : "MQ"
}
{ 
    "_id" : ObjectId("5d564ac9bdb80366cfe14d07"), 
    "Country" : "Mauritania", 
    "code" : "MR"
}
{ 
    "_id" : ObjectId("5d564ac9bdb80366cfe14d08"), 
    "Country" : "Mauritius", 
    "code" : "MU"
}
{ 
    "_id" : ObjectId("5d564ac9bdb80366cfe14d09"), 
    "Country" : "Mayotte", 
    "code" : "YT"
}
{ 
    "_id" : ObjectId("5d564ac9bdb80366cfe14d0a"), 
    "Country" : "Mexico", 
    "code" : "MX"
}
{ 
    "_id" : ObjectId("5d564ac9bdb80366cfe14d0b"), 
    "Country" : "Micronesia, Federated States of", 
    "code" : "FM"
}
{ 
    "_id" : ObjectId("5d564ac9bdb80366cfe14d0c"), 
    "Country" : "Moldova, Republic of", 
    "code" : "MD"
}
{ 
    "_id" : ObjectId("5d564ac9bdb80366cfe14d0d"), 
    "Country" : "Monaco", 
    "code" : "MC"
}
{ 
    "_id" : ObjectId("5d564ac9bdb80366cfe14d0e"), 
    "Country" : "Mongolia", 
    "code" : "MN"
}
{ 
    "_id" : ObjectId("5d564ac9bdb80366cfe14d0f"), 
    "Country" : "Montserrat", 
    "code" : "MS"
}
{ 
    "_id" : ObjectId("5d564ac9bdb80366cfe14d10"), 
    "Country" : "Morocco", 
    "code" : "MA"
}
{ 
    "_id" : ObjectId("5d564ac9bdb80366cfe14d11"), 
    "Country" : "Mozambique", 
    "code" : "MZ"
}
{ 
    "_id" : ObjectId("5d564ac9bdb80366cfe14d12"), 
    "Country" : "Myanmar", 
    "code" : "MM"
}
{ 
    "_id" : ObjectId("5d564ac9bdb80366cfe14d13"), 
    "Country" : "Namibia", 
    "code" : "NA"
}
{ 
    "_id" : ObjectId("5d564ac9bdb80366cfe14d14"), 
    "Country" : "Nauru", 
    "code" : "NR"
}
{ 
    "_id" : ObjectId("5d564ac9bdb80366cfe14d15"), 
    "Country" : "Nepal", 
    "code" : "NP"
}
{ 
    "_id" : ObjectId("5d564ac9bdb80366cfe14d16"), 
    "Country" : "Netherlands", 
    "code" : "NL"
}
{ 
    "_id" : ObjectId("5d564ac9bdb80366cfe14d17"), 
    "Country" : "Netherlands Antilles", 
    "code" : "AN"
}
{ 
    "_id" : ObjectId("5d564ac9bdb80366cfe14d18"), 
    "Country" : "New Caledonia", 
    "code" : "NC"
}
{ 
    "_id" : ObjectId("5d564ac9bdb80366cfe14d19"), 
    "Country" : "New Zealand", 
    "code" : "NZ"
}
{ 
    "_id" : ObjectId("5d564ac9bdb80366cfe14d1a"), 
    "Country" : "Nicaragua", 
    "code" : "NI"
}
{ 
    "_id" : ObjectId("5d564ac9bdb80366cfe14d1b"), 
    "Country" : "Niger", 
    "code" : "NE"
}
{ 
    "_id" : ObjectId("5d564ac9bdb80366cfe14d1c"), 
    "Country" : "Nigeria", 
    "code" : "NG"
}
{ 
    "_id" : ObjectId("5d564ac9bdb80366cfe14d1d"), 
    "Country" : "Niue", 
    "code" : "NU"
}
{ 
    "_id" : ObjectId("5d564ac9bdb80366cfe14d1e"), 
    "Country" : "Norfolk Island", 
    "code" : "NF"
}
{ 
    "_id" : ObjectId("5d564ac9bdb80366cfe14d1f"), 
    "Country" : "Northern Mariana Islands", 
    "code" : "MP"
}
{ 
    "_id" : ObjectId("5d564ac9bdb80366cfe14d20"), 
    "Country" : "Norway", 
    "code" : "NO"
}
{ 
    "_id" : ObjectId("5d564ac9bdb80366cfe14d21"), 
    "Country" : "Oman", 
    "code" : "OM"
}
{ 
    "_id" : ObjectId("5d564ac9bdb80366cfe14d22"), 
    "Country" : "Pakistan", 
    "code" : "PK"
}
{ 
    "_id" : ObjectId("5d564ac9bdb80366cfe14d23"), 
    "Country" : "Palau", 
    "code" : "PW"
}
{ 
    "_id" : ObjectId("5d564ac9bdb80366cfe14d24"), 
    "Country" : "Palestinian Territory, Occupied", 
    "code" : "PS"
}
{ 
    "_id" : ObjectId("5d564ac9bdb80366cfe14d25"), 
    "Country" : "Panama", 
    "code" : "PA"
}
{ 
    "_id" : ObjectId("5d564ac9bdb80366cfe14d26"), 
    "Country" : "Papua New Guinea", 
    "code" : "PG"
}
{ 
    "_id" : ObjectId("5d564ac9bdb80366cfe14d27"), 
    "Country" : "Paraguay", 
    "code" : "PY"
}
{ 
    "_id" : ObjectId("5d564ac9bdb80366cfe14d28"), 
    "Country" : "Peru", 
    "code" : "PE"
}
{ 
    "_id" : ObjectId("5d564ac9bdb80366cfe14d29"), 
    "Country" : "Philippines", 
    "code" : "PH"
}
{ 
    "_id" : ObjectId("5d564ac9bdb80366cfe14d2a"), 
    "Country" : "Pitcairn", 
    "code" : "PN"
}
{ 
    "_id" : ObjectId("5d564ac9bdb80366cfe14d2b"), 
    "Country" : "Poland", 
    "code" : "PL"
}
{ 
    "_id" : ObjectId("5d564ac9bdb80366cfe14d2c"), 
    "Country" : "Portugal", 
    "code" : "PT"
}
{ 
    "_id" : ObjectId("5d564ac9bdb80366cfe14d2d"), 
    "Country" : "Puerto Rico", 
    "code" : "PR"
}
{ 
    "_id" : ObjectId("5d564ac9bdb80366cfe14d2e"), 
    "Country" : "Qatar", 
    "code" : "QA"
}
{ 
    "_id" : ObjectId("5d564ac9bdb80366cfe14d2f"), 
    "Country" : "Reunion", 
    "code" : "RE"
}
{ 
    "_id" : ObjectId("5d564ac9bdb80366cfe14d30"), 
    "Country" : "Romania", 
    "code" : "RO"
}
{ 
    "_id" : ObjectId("5d564ac9bdb80366cfe14d31"), 
    "Country" : "Russian Federation", 
    "code" : "RU"
}
{ 
    "_id" : ObjectId("5d564ac9bdb80366cfe14d32"), 
    "Country" : "RWANDA", 
    "code" : "RW"
}
{ 
    "_id" : ObjectId("5d564ac9bdb80366cfe14d33"), 
    "Country" : "Saint Helena", 
    "code" : "SH"
}
{ 
    "_id" : ObjectId("5d564ac9bdb80366cfe14d34"), 
    "Country" : "Saint Kitts and Nevis", 
    "code" : "KN"
}
{ 
    "_id" : ObjectId("5d564ac9bdb80366cfe14d35"), 
    "Country" : "Saint Lucia", 
    "code" : "LC"
}
{ 
    "_id" : ObjectId("5d564ac9bdb80366cfe14d36"), 
    "Country" : "Saint Pierre and Miquelon", 
    "code" : "PM"
}
{ 
    "_id" : ObjectId("5d564ac9bdb80366cfe14d37"), 
    "Country" : "Saint Vincent and the Grenadines", 
    "code" : "VC"
}
{ 
    "_id" : ObjectId("5d564ac9bdb80366cfe14d38"), 
    "Country" : "Samoa", 
    "code" : "WS"
}
{ 
    "_id" : ObjectId("5d564ac9bdb80366cfe14d39"), 
    "Country" : "San Marino", 
    "code" : "SM"
}
{ 
    "_id" : ObjectId("5d564ac9bdb80366cfe14d3a"), 
    "Country" : "Sao Tome and Principe", 
    "code" : "ST"
}
{ 
    "_id" : ObjectId("5d564ac9bdb80366cfe14d3b"), 
    "Country" : "Saudi Arabia", 
    "code" : "SA"
}
{ 
    "_id" : ObjectId("5d564ac9bdb80366cfe14d3c"), 
    "Country" : "Senegal", 
    "code" : "SN"
}
{ 
    "_id" : ObjectId("5d564ac9bdb80366cfe14d3d"), 
    "Country" : "Serbia and Montenegro", 
    "code" : "CS"
}
{ 
    "_id" : ObjectId("5d564ac9bdb80366cfe14d3e"), 
    "Country" : "Seychelles", 
    "code" : "SC"
}
{ 
    "_id" : ObjectId("5d564ac9bdb80366cfe14d3f"), 
    "Country" : "Sierra Leone", 
    "code" : "SL"
}
{ 
    "_id" : ObjectId("5d564ac9bdb80366cfe14d40"), 
    "Country" : "Singapore", 
    "code" : "SG"
}
{ 
    "_id" : ObjectId("5d564ac9bdb80366cfe14d41"), 
    "Country" : "Slovakia", 
    "code" : "SK"
}
{ 
    "_id" : ObjectId("5d564ac9bdb80366cfe14d42"), 
    "Country" : "Slovenia", 
    "code" : "SI"
}
{ 
    "_id" : ObjectId("5d564ac9bdb80366cfe14d43"), 
    "Country" : "Solomon Islands", 
    "code" : "SB"
}
{ 
    "_id" : ObjectId("5d564ac9bdb80366cfe14d44"), 
    "Country" : "Somalia", 
    "code" : "SO"
}
{ 
    "_id" : ObjectId("5d564ac9bdb80366cfe14d45"), 
    "Country" : "South Africa", 
    "code" : "ZA"
}
{ 
    "_id" : ObjectId("5d564ac9bdb80366cfe14d46"), 
    "Country" : "South Georgia and the South Sandwich Islands", 
    "code" : "GS"
}
{ 
    "_id" : ObjectId("5d564ac9bdb80366cfe14d47"), 
    "Country" : "Spain", 
    "code" : "ES"
}
{ 
    "_id" : ObjectId("5d564ac9bdb80366cfe14d48"), 
    "Country" : "Sri Lanka", 
    "code" : "LK"
}
{ 
    "_id" : ObjectId("5d564ac9bdb80366cfe14d49"), 
    "Country" : "Sudan", 
    "code" : "SD"
}
{ 
    "_id" : ObjectId("5d564ac9bdb80366cfe14d4a"), 
    "Country" : "SuriCountry", 
    "code" : "SR"
}
{ 
    "_id" : ObjectId("5d564ac9bdb80366cfe14d4b"), 
    "Country" : "Svalbard and Jan Mayen", 
    "code" : "SJ"
}
{ 
    "_id" : ObjectId("5d564ac9bdb80366cfe14d4c"), 
    "Country" : "Swaziland", 
    "code" : "SZ"
}
{ 
    "_id" : ObjectId("5d564ac9bdb80366cfe14d4d"), 
    "Country" : "Sweden", 
    "code" : "SE"
}
{ 
    "_id" : ObjectId("5d564ac9bdb80366cfe14d4e"), 
    "Country" : "Switzerland", 
    "code" : "CH"
}
{ 
    "_id" : ObjectId("5d564ac9bdb80366cfe14d4f"), 
    "Country" : "Syrian Arab Republic", 
    "code" : "SY"
}
{ 
    "_id" : ObjectId("5d564ac9bdb80366cfe14d50"), 
    "Country" : "Taiwan, Province of China", 
    "code" : "TW"
}
{ 
    "_id" : ObjectId("5d564ac9bdb80366cfe14d51"), 
    "Country" : "Tajikistan", 
    "code" : "TJ"
}
{ 
    "_id" : ObjectId("5d564ac9bdb80366cfe14d52"), 
    "Country" : "Tanzania, United Republic of", 
    "code" : "TZ"
}
{ 
    "_id" : ObjectId("5d564ac9bdb80366cfe14d53"), 
    "Country" : "Thailand", 
    "code" : "TH"
}
{ 
    "_id" : ObjectId("5d564ac9bdb80366cfe14d54"), 
    "Country" : "Timor-Leste", 
    "code" : "TL"
}
{ 
    "_id" : ObjectId("5d564ac9bdb80366cfe14d55"), 
    "Country" : "Togo", 
    "code" : "TG"
}
{ 
    "_id" : ObjectId("5d564ac9bdb80366cfe14d56"), 
    "Country" : "Tokelau", 
    "code" : "TK"
}
{ 
    "_id" : ObjectId("5d564ac9bdb80366cfe14d57"), 
    "Country" : "Tonga", 
    "code" : "TO"
}
{ 
    "_id" : ObjectId("5d564ac9bdb80366cfe14d58"), 
    "Country" : "Trinidad and Tobago", 
    "code" : "TT"
}
{ 
    "_id" : ObjectId("5d564ac9bdb80366cfe14d59"), 
    "Country" : "Tunisia", 
    "code" : "TN"
}
{ 
    "_id" : ObjectId("5d564ac9bdb80366cfe14d5a"), 
    "Country" : "Turkey", 
    "code" : "TR"
}
{ 
    "_id" : ObjectId("5d564ac9bdb80366cfe14d5b"), 
    "Country" : "Turkmenistan", 
    "code" : "TM"
}
{ 
    "_id" : ObjectId("5d564ac9bdb80366cfe14d5c"), 
    "Country" : "Turks and Caicos Islands", 
    "code" : "TC"
}
{ 
    "_id" : ObjectId("5d564ac9bdb80366cfe14d5d"), 
    "Country" : "Tuvalu", 
    "code" : "TV"
}
{ 
    "_id" : ObjectId("5d564ac9bdb80366cfe14d5e"), 
    "Country" : "Uganda", 
    "code" : "UG"
}
{ 
    "_id" : ObjectId("5d564ac9bdb80366cfe14d5f"), 
    "Country" : "Ukraine", 
    "code" : "UA"
}
{ 
    "_id" : ObjectId("5d564ac9bdb80366cfe14d60"), 
    "Country" : "United Arab Emirates", 
    "code" : "AE"
}
{ 
    "_id" : ObjectId("5d564ac9bdb80366cfe14d61"), 
    "Country" : "United Kingdom", 
    "code" : "GB"
}
{ 
    "_id" : ObjectId("5d564ac9bdb80366cfe14d62"), 
    "Country" : "United States", 
    "code" : "US"
}
{ 
    "_id" : ObjectId("5d564ac9bdb80366cfe14d63"), 
    "Country" : "United States Minor Outlying Islands", 
    "code" : "UM"
}
{ 
    "_id" : ObjectId("5d564ac9bdb80366cfe14d64"), 
    "Country" : "Uruguay", 
    "code" : "UY"
}
{ 
    "_id" : ObjectId("5d564ac9bdb80366cfe14d65"), 
    "Country" : "Uzbekistan", 
    "code" : "UZ"
}
{ 
    "_id" : ObjectId("5d564ac9bdb80366cfe14d66"), 
    "Country" : "Vanuatu", 
    "code" : "VU"
}
{ 
    "_id" : ObjectId("5d564ac9bdb80366cfe14d67"), 
    "Country" : "Venezuela", 
    "code" : "VE"
}
{ 
    "_id" : ObjectId("5d564ac9bdb80366cfe14d68"), 
    "Country" : "Viet Nam", 
    "code" : "VN"
}
{ 
    "_id" : ObjectId("5d564ac9bdb80366cfe14d69"), 
    "Country" : "Virgin Islands, British", 
    "code" : "VG"
}
{ 
    "_id" : ObjectId("5d564ac9bdb80366cfe14d6a"), 
    "Country" : "Virgin Islands, U.S.", 
    "code" : "VI"
}
{ 
    "_id" : ObjectId("5d564ac9bdb80366cfe14d6b"), 
    "Country" : "Wallis and Futuna", 
    "code" : "WF"
}
{ 
    "_id" : ObjectId("5d564ac9bdb80366cfe14d6c"), 
    "Country" : "Western Sahara", 
    "code" : "EH"
}
{ 
    "_id" : ObjectId("5d564ac9bdb80366cfe14d6d"), 
    "Country" : "Yemen", 
    "code" : "YE"
}
{ 
    "_id" : ObjectId("5d564ac9bdb80366cfe14d6e"), 
    "Country" : "Zambia", 
    "code" : "ZM"
}
{ 
    "_id" : ObjectId("5d564ac9bdb80366cfe14d6f"), 
    "Country" : "Zimbabwe", 
    "code" : "ZW"
}
