{ 
    "_id" : ObjectId("5d6fb02af3200336301ed52a"), 
    "status" : "3", 
    "followup" : "fdfsd", 
    "datetime" : "2019-09-26T18:30:00.000Z", 
    "nextstep" : "gfdfg", 
    "expectedwalikin" : "2019-09-22T18:30:00.000Z", 
    "__v" : NumberInt(0)
}
{ 
    "_id" : ObjectId("5d6fb0a8385c1b1e789a25b7"), 
    "ref" : ObjectId("5d6faf19fde0d5035c59bea6"), 
    "status" : "4", 
    "followup" : "sdsa", 
    "datetime" : "2019-09-23T18:30:00.000Z", 
    "nextstep" : "dsd", 
    "expectedwalikin" : "2019-09-23T18:30:00.000Z", 
    "__v" : NumberInt(0)
}
{ 
    "_id" : ObjectId("5d6fb0f3385c1b1e789a25b8"), 
    "ref" : ObjectId("5d6faf19fde0d5035c59bea6"), 
    "status" : "4", 
    "followup" : "sdsa", 
    "datetime" : "2019-09-23T18:30:00.000Z", 
    "nextstep" : "dsd", 
    "expectedwalikin" : "2019-09-23T18:30:00.000Z", 
    "__v" : NumberInt(0)
}
{ 
    "_id" : ObjectId("5d6fb2b14121c009d06b2788"), 
    "ref" : ObjectId("5d6faf19fde0d5035c59bea6"), 
    "status" : "4", 
    "followup" : "fsdf", 
    "datetime" : "2019-09-10T18:30:00.000Z", 
    "nextstep" : "fdsff", 
    "expectedwalikin" : "2019-09-10T18:30:00.000Z", 
    "__v" : NumberInt(0)
}
{ 
    "_id" : ObjectId("5d7092ac59dc432c4cdfb580"), 
    "ref" : ObjectId("5d6faf19fde0d5035c59bea6"), 
    "status" : "2", 
    "followup" : "rajendra", 
    "datetime" : "2019-09-05T18:30:00.000Z", 
    "nextstep" : "next", 
    "expectedwalikin" : "2019-09-12T18:30:00.000Z", 
    "__v" : NumberInt(0)
}
{ 
    "_id" : ObjectId("5d70fbd93128bb1b2493d0d6"), 
    "ref" : ObjectId("5d6faf19fde0d5035c59bea6"), 
    "status" : "3", 
    "followup" : "hi", 
    "datetime" : "2019-09-11T18:30:00.000Z", 
    "nextstep" : "gfdffg", 
    "expectedwalikin" : "2019-09-18T18:30:00.000Z", 
    "__v" : NumberInt(0)
}
{ 
    "_id" : ObjectId("5d70fbfa3128bb1b2493d0d7"), 
    "ref" : ObjectId("5d6fa6fddd8bbb05cc2d6940"), 
    "status" : "4", 
    "followup" : "asaS", 
    "datetime" : "2019-09-11T18:30:00.000Z", 
    "nextstep" : "ADA", 
    "expectedwalikin" : "2019-09-11T18:30:00.000Z", 
    "__v" : NumberInt(0)
}
{ 
    "_id" : ObjectId("5d70fc0e3128bb1b2493d0d8"), 
    "ref" : ObjectId("5d6fa6fddd8bbb05cc2d6940"), 
    "status" : "2", 
    "followup" : "DSAD", 
    "datetime" : "2019-09-11T18:30:00.000Z", 
    "nextstep" : "DSAD", 
    "expectedwalikin" : "2019-09-12T18:30:00.000Z", 
    "__v" : NumberInt(0)
}
{ 
    "_id" : ObjectId("5d71f9da4b341b2460daebc5"), 
    "ref" : ObjectId("5d6fa6fddd8bbb05cc2d6940"), 
    "status" : "4", 
    "followup" : "ddfsdz", 
    "datetime" : "2019-09-11T18:30:00.000Z", 
    "nextstep" : "fdfgdsf", 
    "expectedwalikin" : "2019-09-19T18:30:00.000Z", 
    "__v" : NumberInt(0)
}
