{ 
    "_id" : ObjectId("5d6fa6fddd8bbb05cc2d6940"), 
    "student_name" : "sasa", 
    "mobile_no" : "9999999999", 
    "email_address" : "syam@gmail.com", 
    "class_apply" : "3", 
    "country" : "IN", 
    "state" : "4", 
    "city" : "18140", 
    "occupation" : "sas", 
    "annual_income" : "2000", 
    "query" : "sas", 
    "district" : "200", 
    "pincode" : "783375", 
    "lead_source" : "10", 
    "org_id" : ObjectId("5d6610ddef56882f6c7543c4"), 
    "creation_date" : ISODate("2019-09-04T11:56:52.082+0000"), 
    "__v" : NumberInt(0)
}
{ 
    "_id" : ObjectId("5d6faf19fde0d5035c59bea6"), 
    "student_name" : "ewrwr12", 
    "mobile_no" : "9999999999", 
    "email_address" : "syam@gmail.com", 
    "class_apply" : "2", 
    "country" : "IN", 
    "state" : "4", 
    "city" : "16221", 
    "occupation" : "rwer", 
    "annual_income" : "2333", 
    "query" : "rewr", 
    "district" : "201", 
    "pincode" : "784165", 
    "lead_source" : "2", 
    "org_id" : ObjectId("5d6610ddef56882f6c7543c4"), 
    "creation_date" : ISODate("2019-09-04T12:30:27.177+0000"), 
    "__v" : NumberInt(0)
}
