{ 
    "_id" : ObjectId("5d734eacd7f00a1cac6b4c34"), 
    "org_name" : "DPSGS", 
    "module_id" : "1", 
    "role_id" : "1", 
    "module_status" : "1", 
    "__v" : NumberInt(0)
}
{ 
    "_id" : ObjectId("5d734ebad7f00a1cac6b4c35"), 
    "org_name" : "DPSGS", 
    "module_id" : "2", 
    "role_id" : "1", 
    "module_status" : "1", 
    "__v" : NumberInt(0)
}
{ 
    "_id" : ObjectId("5d734fc1d7f00a1cac6b4c36"), 
    "org_name" : "DPSGS", 
    "module_id" : "3", 
    "role_id" : "1", 
    "module_status" : "1", 
    "__v" : NumberInt(0)
}
{ 
    "_id" : ObjectId("5d734fe4d7f00a1cac6b4c37"), 
    "org_name" : "DPSGS", 
    "module_id" : "4", 
    "role_id" : "1", 
    "module_status" : "1", 
    "__v" : NumberInt(0)
}
{ 
    "_id" : ObjectId("5d735099d7f00a1cac6b4c38"), 
    "org_name" : "DPSGS", 
    "module_id" : "5", 
    "role_id" : "1", 
    "module_status" : "1", 
    "__v" : NumberInt(0)
}
{ 
    "_id" : ObjectId("5d73535eef50302b8ca06bfd"), 
    "org_name" : "cxc", 
    "module_id" : "1", 
    "role_id" : "1", 
    "module_status" : "1", 
    "__v" : NumberInt(0)
}
{ 
    "_id" : ObjectId("5d7356bfef50302b8ca06bfe"), 
    "org_name" : "cxc", 
    "module_id" : "2", 
    "role_id" : "1", 
    "module_status" : "0", 
    "__v" : NumberInt(0)
}
{ 
    "_id" : ObjectId("5d7356c4ef50302b8ca06bff"), 
    "org_name" : "cxc", 
    "module_id" : "3", 
    "role_id" : "1", 
    "module_status" : "0", 
    "__v" : NumberInt(0)
}
{ 
    "_id" : ObjectId("5d7356c8ef50302b8ca06c00"), 
    "org_name" : "cxc", 
    "module_id" : "4", 
    "role_id" : "1", 
    "module_status" : "1", 
    "__v" : NumberInt(0)
}
{ 
    "_id" : ObjectId("5d7356cdef50302b8ca06c01"), 
    "org_name" : "cxc", 
    "module_id" : "5", 
    "role_id" : "1", 
    "module_status" : "0", 
    "__v" : NumberInt(0)
}
{ 
    "_id" : ObjectId("5d7356d2ef50302b8ca06c02"), 
    "org_name" : "cxc", 
    "module_id" : "6", 
    "role_id" : "1", 
    "module_status" : "0", 
    "__v" : NumberInt(0)
}
{ 
    "_id" : ObjectId("5d75fba9de21150d4404563a"), 
    "org_name" : "DPSGS", 
    "module_id" : "1", 
    "role_id" : "2", 
    "module_status" : "0", 
    "__v" : NumberInt(0)
}
{ 
    "_id" : ObjectId("5d7787641943f819a85d5437"), 
    "org_name" : "cxc", 
    "module_id" : "1", 
    "role_id" : "5", 
    "module_status" : "1", 
    "__v" : NumberInt(0)
}
{ 
    "_id" : ObjectId("5d7787d61943f819a85d5438"), 
    "org_name" : "DPSGS", 
    "module_id" : "1", 
    "role_id" : "5", 
    "module_status" : "1", 
    "__v" : NumberInt(0)
}
{ 
    "_id" : ObjectId("5d7788191943f819a85d5439"), 
    "org_name" : "DPSGS", 
    "module_id" : "2", 
    "role_id" : "5", 
    "module_status" : "1", 
    "__v" : NumberInt(0)
}
