{ 
    "_id" : ObjectId("5d64b4e82caf414d822d9410"), 
    "role_id" : "1", 
    "role_name" : "admin", 
    "role_status" : "1"
}
{ 
    "_id" : ObjectId("5d64b5092caf414d822d9411"), 
    "role_id" : "2", 
    "role_name" : "school admin", 
    "role_status" : "1"
}
{ 
    "_id" : ObjectId("5d64b5302caf414d822d9412"), 
    "role_id" : "3", 
    "role_name" : "telecaller", 
    "role_status" : "1"
}
{ 
    "_id" : ObjectId("5d64b54f2caf414d822d9413"), 
    "role_id" : "4", 
    "role_name" : "super admin", 
    "role_status" : "1"
}
{ 
    "_id" : ObjectId("5d64b5652caf414d822d9414"), 
    "role_id" : "5", 
    "role_name" : "vendor", 
    "role_status" : "1"
}
