{ 
    "_id" : ObjectId("5d53d4d52987b233004c8058"), 
    "state_id" : "1", 
    "state_code" : "AN", 
    "state_name" : "Andaman & Nicobar", 
    "status" : "1", 
    "region" : "South", 
    "Country_code" : "IN"
}
{ 
    "_id" : ObjectId("5d53d4d52987b233004c8059"), 
    "state_id" : "2", 
    "state_code" : "AP", 
    "state_name" : "Andhra Pradesh", 
    "status" : "1", 
    "region" : "South", 
    "Country_code" : "IN"
}
{ 
    "_id" : ObjectId("5d53d4d52987b233004c805a"), 
    "state_id" : "3", 
    "state_code" : "AR", 
    "state_name" : "Arunachal Pradesh", 
    "status" : "1", 
    "region" : "North east", 
    "Country_code" : "IN"
}
{ 
    "_id" : ObjectId("5d53d4d52987b233004c805b"), 
    "state_id" : "4", 
    "state_code" : "AS", 
    "state_name" : "Assam", 
    "status" : "1", 
    "region" : "North East", 
    "Country_code" : "IN"
}
{ 
    "_id" : ObjectId("5d53d4d52987b233004c805c"), 
    "state_id" : "5", 
    "state_code" : "BR", 
    "state_name" : "Bihar", 
    "status" : "1", 
    "region" : "East", 
    "Country_code" : "IN"
}
{ 
    "_id" : ObjectId("5d53d4d52987b233004c805d"), 
    "state_id" : "6", 
    "state_code" : "CT", 
    "state_name" : "Chhattisgarh", 
    "status" : "1", 
    "region" : "Central", 
    "Country_code" : "IN"
}
{ 
    "_id" : ObjectId("5d53d4d52987b233004c805e"), 
    "state_id" : "7", 
    "state_code" : "DN", 
    "state_name" : "Dadra & Nagar Haveli", 
    "status" : "1", 
    "region" : "West", 
    "Country_code" : "IN"
}
{ 
    "_id" : ObjectId("5d53d4d52987b233004c805f"), 
    "state_id" : "8", 
    "state_code" : "DD", 
    "state_name" : "Daman & Diu", 
    "status" : "1", 
    "region" : "West", 
    "Country_code" : "IN"
}
{ 
    "_id" : ObjectId("5d53d4d52987b233004c8060"), 
    "state_id" : "9", 
    "state_code" : "DL", 
    "state_name" : "Delhi", 
    "status" : "1", 
    "region" : "North", 
    "Country_code" : "IN"
}
{ 
    "_id" : ObjectId("5d53d4d52987b233004c8061"), 
    "state_id" : "10", 
    "state_code" : "GA", 
    "state_name" : "Goa", 
    "status" : "1", 
    "region" : "West", 
    "Country_code" : "IN"
}
{ 
    "_id" : ObjectId("5d53d4d52987b233004c8062"), 
    "state_id" : "11", 
    "state_code" : "GJ", 
    "state_name" : "Gujarat", 
    "status" : "1", 
    "region" : "West", 
    "Country_code" : "IN"
}
{ 
    "_id" : ObjectId("5d53d4d52987b233004c8063"), 
    "state_id" : "12", 
    "state_code" : "HR", 
    "state_name" : "Haryana", 
    "status" : "1", 
    "region" : "North", 
    "Country_code" : "IN"
}
{ 
    "_id" : ObjectId("5d53d4d52987b233004c8064"), 
    "state_id" : "13", 
    "state_code" : "HP", 
    "state_name" : "Himachal Pradesh", 
    "status" : "1", 
    "region" : "North", 
    "Country_code" : "IN"
}
{ 
    "_id" : ObjectId("5d53d4d52987b233004c8065"), 
    "state_id" : "14", 
    "state_code" : "JK", 
    "state_name" : "Jammu & Kashmir", 
    "status" : "1", 
    "region" : "North", 
    "Country_code" : "IN"
}
{ 
    "_id" : ObjectId("5d53d4d52987b233004c8066"), 
    "state_id" : "15", 
    "state_code" : "JH", 
    "state_name" : "Jharkhand", 
    "status" : "1", 
    "region" : "East", 
    "Country_code" : "IN"
}
{ 
    "_id" : ObjectId("5d53d4d52987b233004c8067"), 
    "state_id" : "16", 
    "state_code" : "KA", 
    "state_name" : "Karnataka", 
    "status" : "1", 
    "region" : "South", 
    "Country_code" : "IN"
}
{ 
    "_id" : ObjectId("5d53d4d52987b233004c8068"), 
    "state_id" : "17", 
    "state_code" : "KL", 
    "state_name" : "Kerala", 
    "status" : "1", 
    "region" : "South", 
    "Country_code" : "IN"
}
{ 
    "_id" : ObjectId("5d53d4d52987b233004c8069"), 
    "state_id" : "18", 
    "state_code" : "LD", 
    "state_name" : "Lakshadeep", 
    "status" : "0", 
    "region" : "South", 
    "Country_code" : "IN"
}
{ 
    "_id" : ObjectId("5d53d4d52987b233004c806a"), 
    "state_id" : "19", 
    "state_code" : "MP", 
    "state_name" : "Madhya Pradesh", 
    "status" : "1", 
    "region" : "Central", 
    "Country_code" : "IN"
}
{ 
    "_id" : ObjectId("5d53d4d52987b233004c806b"), 
    "state_id" : "20", 
    "state_code" : "MH", 
    "state_name" : "Maharashtra", 
    "status" : "1", 
    "region" : "West", 
    "Country_code" : "IN"
}
{ 
    "_id" : ObjectId("5d53d4d52987b233004c806c"), 
    "state_id" : "21", 
    "state_code" : "MN", 
    "state_name" : "Manipur", 
    "status" : "1", 
    "region" : "North East", 
    "Country_code" : "IN"
}
{ 
    "_id" : ObjectId("5d53d4d52987b233004c806d"), 
    "state_id" : "22", 
    "state_code" : "ML", 
    "state_name" : "Meghalaya", 
    "status" : "1", 
    "region" : "North East", 
    "Country_code" : "IN"
}
{ 
    "_id" : ObjectId("5d53d4d52987b233004c806e"), 
    "state_id" : "23", 
    "state_code" : "MZ", 
    "state_name" : "Mizoram", 
    "status" : "1", 
    "region" : "North East", 
    "Country_code" : "IN"
}
{ 
    "_id" : ObjectId("5d53d4d52987b233004c806f"), 
    "state_id" : "24", 
    "state_code" : "NL", 
    "state_name" : "Nagaland", 
    "status" : "1", 
    "region" : "North East", 
    "Country_code" : "IN"
}
{ 
    "_id" : ObjectId("5d53d4d52987b233004c8070"), 
    "state_id" : "25", 
    "state_code" : "OR", 
    "state_name" : "Orissa", 
    "status" : "1", 
    "region" : "East", 
    "Country_code" : "IN"
}
{ 
    "_id" : ObjectId("5d53d4d52987b233004c8071"), 
    "state_id" : "26", 
    "state_code" : "PY", 
    "state_name" : "Pondicherry", 
    "status" : "1", 
    "region" : "South", 
    "Country_code" : "IN"
}
{ 
    "_id" : ObjectId("5d53d4d52987b233004c8072"), 
    "state_id" : "27", 
    "state_code" : "PB", 
    "state_name" : "Punjab", 
    "status" : "1", 
    "region" : "North", 
    "Country_code" : "IN"
}
{ 
    "_id" : ObjectId("5d53d4d52987b233004c8073"), 
    "state_id" : "28", 
    "state_code" : "RJ", 
    "state_name" : "Rajasthan", 
    "status" : "1", 
    "region" : "West", 
    "Country_code" : "IN"
}
{ 
    "_id" : ObjectId("5d53d4d52987b233004c8074"), 
    "state_id" : "29", 
    "state_code" : "SK", 
    "state_name" : "Sikkim", 
    "status" : "1", 
    "region" : "North east", 
    "Country_code" : "IN"
}
{ 
    "_id" : ObjectId("5d53d4d52987b233004c8075"), 
    "state_id" : "30", 
    "state_code" : "TN", 
    "state_name" : "Tamil Nadu", 
    "status" : "1", 
    "region" : "South", 
    "Country_code" : "IN"
}
{ 
    "_id" : ObjectId("5d53d4d52987b233004c8076"), 
    "state_id" : "31", 
    "state_code" : "TR", 
    "state_name" : "Tripura", 
    "status" : "1", 
    "region" : "North East", 
    "Country_code" : "IN"
}
{ 
    "_id" : ObjectId("5d53d4d52987b233004c8077"), 
    "state_id" : "32", 
    "state_code" : "UP", 
    "state_name" : "Uttar Pradesh", 
    "status" : "1", 
    "region" : "North", 
    "Country_code" : "IN"
}
{ 
    "_id" : ObjectId("5d53d4d52987b233004c8078"), 
    "state_id" : "33", 
    "state_code" : "UT", 
    "state_name" : "Uttarakhand", 
    "status" : "1", 
    "region" : "North", 
    "Country_code" : "IN"
}
{ 
    "_id" : ObjectId("5d53d4d52987b233004c8079"), 
    "state_id" : "34", 
    "state_code" : "WB", 
    "state_name" : "West Bengal", 
    "status" : "1", 
    "region" : "East", 
    "Country_code" : "IN"
}
{ 
    "_id" : ObjectId("5d53d4d52987b233004c807a"), 
    "state_id" : "35", 
    "state_code" : "CH", 
    "state_name" : "Chandigarh", 
    "status" : "1", 
    "region" : "North", 
    "Country_code" : "IN"
}
{ 
    "_id" : ObjectId("5d53d4d52987b233004c807b"), 
    "state_id" : "36", 
    "state_code" : "TG", 
    "state_name" : "Telangana", 
    "status" : "1", 
    "region" : "South", 
    "Country_code" : "IN"
}
{ 
    "_id" : ObjectId("5d53d4d52987b233004c807c"), 
    "state_id" : "37", 
    "state_code" : "LD", 
    "state_name" : "Lakshadweep", 
    "status" : "1", 
    "region" : "South", 
    "Country_code" : "IN"
}
