{ 
    "_id" : ObjectId("5d6656d48eacbb13cce30c76"), 
    "email" : "syam@gmail.com", 
    "password" : "123456", 
    "usertype" : "admin", 
    "status" : NumberInt(1), 
    "assign_role" : "1", 
    "org_id" : "5d6610ddef56882f6c7543c4", 
    "__v" : NumberInt(0)
}
{ 
    "_id" : ObjectId("5d6657c274f8851384d82552"), 
    "email" : "syam12@gmail.com", 
    "password" : "123456", 
    "usertype" : "admin", 
    "status" : NumberInt(1), 
    "assign_role" : "1", 
    "org_id" : "5d6610ddef56882f6c7543c4", 
    "__v" : NumberInt(0)
}
{ 
    "_id" : ObjectId("5d66591674f8851384d82553"), 
    "email" : "abc@12345", 
    "password" : "123456", 
    "usertype" : "super admin", 
    "status" : NumberInt(1), 
    "assign_role" : "4", 
    "org_id" : "5d6610ddef56882f6c7543c4", 
    "__v" : NumberInt(0)
}
{ 
    "_id" : ObjectId("5d665ad2004887230886516f"), 
    "email" : "syam321@gmail.com", 
    "password" : "123456", 
    "usertype" : "school admin", 
    "status" : NumberInt(1), 
    "assign_role" : "2", 
    "org_id" : "5d6610ddef56882f6c7543c4", 
    "__v" : NumberInt(0)
}
{ 
    "_id" : ObjectId("5d6771218a903c2970faca17"), 
    "email" : "syam123@gmail.com", 
    "password" : "123456", 
    "usertype" : "telecaller", 
    "status" : NumberInt(1), 
    "assign_role" : "3", 
    "org_id" : "5d6610ddef56882f6c7543c4", 
    "__v" : NumberInt(0)
}
{ 
    "_id" : ObjectId("5d6795880f09b92b08442e91"), 
    "email" : "syam33333@gmail.com", 
    "password" : "123456", 
    "usertype" : "admin", 
    "status" : NumberInt(1), 
    "assign_role" : "1", 
    "org_id" : "5d6610ddef56882f6c7543c4", 
    "user_full_name" : "rajendra", 
    "__v" : NumberInt(0)
}
